Akkermansiaceae [Family],Prevotellaceae [Family],Bacteroidaceae [Family],Muribaculaceae [Family],Marinifilaceae [Family],Tannerellaceae [Family],Rikenellaceae [Family],Desulfovibrionaceae [Family],Deferribacteraceae [Family],Enterobacteriaceae [Family],Butyricicoccaceae [Family],Peptococcaceae [Family],Ruminococcaceae [Family],Acholeplasmataceae [Family],Anaerovoracaceae [Family],Eggerthellaceae [Family],Lachnospiraceae [Family],Bifidobacteriaceae [Family],Sutterellaceae [Family],Monoglobaceae [Family],Oscillospiraceae [Family],Lactobacillaceae [Family],Enterococcaceae [Family],Clostridiaceae [Family],Erysipelotrichaceae [Family],Erysipelatoclostridiaceae [Family]
0,10.45096838,11.54647917,98.63956546,1.417343338,0.241770008,13.3109871,3.661127071,1.802017676,0,3.972748275,1.227586803,15.2050866,0,0.784094299,1.933747703,244.256128,0,2.912652028,0,33.65294235,18.16391496,0,0,4.345935707,0
0,13.62617963,12.56954733,98.01307951,1.111087845,0.774615609,12.86141931,4.817480127,0.163706526,0,4.562001195,1.069415149,25.48331487,0.163706526,1.807564163,1.899600609,226.5001731,0,0.354761763,0,43.19857791,28.03113071,0,0,3.490255979,0
0,11.78971573,19.34624106,121.4219465,2.105106885,1.106578055,19.82702408,4.028446077,0,0,5.831279721,2.105106885,11.19222876,0,1.197549833,3.763753522,179.217877,0,2.199457266,2.753403499,34.4484511,33.62096106,0,0,3.950933576,0
0,11.01343145,11.74603876,116.4481504,0.115910256,0,11.96202254,2.9491236,0.316580951,0.751899023,3.241695658,0,9.468071434,0,1.137561504,0,224.6176237,0,1.137561504,1.47403374,29.25933097,18.55538079,0,1.137561504,1.810505977,0
0,10.92197455,12.51362951,85.6825466,1.0744121,0,16.38030728,4.529080413,3.427428047,0,6.014136922,1.598936568,16.80547936,1.750167538,1.594249194,0.540329614,208.8362516,0,1.0744121,0,46.62052649,29.37469752,0,0.272065628,2.434504089,0
0,15.19536507,15.6212987,108.6912251,1.216718446,1.632878843,11.668122,4.104221453,0,0,3.303950606,1.496303308,13.64400216,0,1.446292888,1.5544239,211.4604153,0,1.813505358,0,41.097975,23.8489024,0,0,3.560383565,0
0,11.46344094,8.964680726,94.44473002,1.877328711,1.306783853,18.13034846,3.663225451,2.154081713,0,5.567786041,2.455406562,15.32528477,0,1.366377609,2.016268484,233.9053897,0,0,0,38.6953546,23.61566722,0,0.687744645,1.010518037,0
0,12.9807871,14.09912959,97.69970983,1.65286477,1.360954362,17.73313092,7.479139568,2.300696754,0,6.138994096,0.502292743,15.81623576,0,3.042378492,1.21524255,224.7974537,0,0.327939355,0,35.97903237,23.62078137,0,0,1.956245752,0
0,5.202823468,10.49672469,57.77571163,0.712392736,0.712392736,6.006187982,5.604669556,3.420442937,0,3.414073489,0.886746123,16.00425156,0.963707165,2.416608494,1.16437786,288.4389257,0,0,0,49.4551981,18.35792254,0,0,2.282990815,0
0,7.233020582,12.23386891,76.20734572,1.865368527,0.7859876,11.59337075,3.87312634,2.207373281,0,7.271698391,1.162465171,10.43825976,0.063852883,1.864020093,0.841557451,268.31718,0,0.944211605,0,38.77721374,28.85201969,0,0.063852883,1.78451643,0
0,3.179291638,8.975811796,40.98290342,1.160885987,0,8.231060294,7.296057407,2.359581734,0,6.952998615,2.327320872,16.3135569,0,3.01906567,2.696292278,257.8769244,0,0,0,45.53214268,16.70167909,0,0,1.650434212,0
0,11.57739443,15.71222065,106.7272965,1.50882381,2.80253624,17.86130651,5.337256596,3.378141514,0,4.088551762,2.887020961,19.82779176,0,4.321629717,4.051050565,196.83979,0,1.924984207,0,55.86427251,16.12638792,0,0,2.365296047,0
0,11.10871963,15.29959741,118.0199036,0.624374277,0.835683371,11.56176527,6.311204329,3.363314965,0,6.799062546,2.40628145,16.42004182,0,2.596443202,2.279797303,206.790541,0,0.499211134,0,54.87930271,22.5612906,0,0,4.848380727,0
0,3.828541258,10.34304063,49.61440026,0.778975228,0,13.28042609,6.144505545,1.988813152,0,8.01483942,2.088896611,12.75679677,0,2.877165586,3.932292763,271.8901452,0,0,1.313057714,36.34370512,24.15521428,0,0,2.690694013,0
0,4.536689641,15.53816395,94.01843247,2.33730989,0,10.73283293,6.385982701,2.808526376,0,8.643127289,2.046386324,9.761140452,1.552728504,4.924698381,1.416152969,246.0789439,0,0.535794246,0,43.41295779,20.71145764,0,0,2.498371447,0
0,7.519629576,17.03791405,95.49380255,1.674977386,0.595596459,13.54929548,5.802685929,1.674977386,0,4.505262042,1.836038943,11.78015042,0.846910887,2.172124206,1.083299665,240.2056734,0,0.932068695,0,48.35782076,16.68130902,0,0,1.635368247,0
0,8.45990012,13.83232024,78.99473784,2.166575917,0,11.50044449,8.850778725,2.245564328,0,5.157728839,0,20.96680461,0,2.015631214,1.094992301,239.2390457,0,1.094992301,0,36.08558568,18.0143548,0,0,0,0
0,6.487990632,12.26332899,93.18525329,1.109846382,0,8.232560413,5.369983797,1.697633046,0,5.854019664,2.129209299,12.69279135,0,2.015751419,1.218059966,255.1563723,0,0.850335186,0.119447678,43.29631605,19.12925474,0,0,1.817178197,0
0,8.935841581,18.69220188,105.2341621,0.602142274,1.112967898,12.44084456,8.64041152,0,0,2.48245514,0,7.623427746,0,2.985702663,1.449440134,172.4089861,0,4.135642896,1.838904901,26.55758889,20.29348179,0,0,2.639024201,0
0,10.95511314,12.83038159,81.87346384,1.580947254,1.284681438,20.3229708,8.022785854,1.284681438,0,7.874436384,2.713176154,9.110963559,0,3.172358959,0,242.6041473,0,1.213222474,1.678585724,32.87547821,15.59538407,0,0,2.404252636,0
0,8.162295985,18.53166527,130.6884548,2.068270472,1.036349558,16.37269138,5.00368473,1.946167775,0,5.509836668,2.347294482,10.07213865,2.021202961,2.566735258,0.546801333,226.2327103,0,3.078322496,0,34.87121054,14.47744402,0,0,0,0
0,10.00707771,12.33974791,91.64593091,0.842203819,0.295660112,15.52460157,4.80240657,2.451641731,0,8.384588347,2.188224281,11.01161161,2.241570261,0.842203819,1.611336906,221.7472103,0,0.942287277,0,36.16667746,17.63672423,0,0,0,0
0,8.012632661,11.87352599,86.84543074,1.638983874,0.822222737,14.38308402,4.314478301,3.66160894,0,7.085831018,1.311770963,8.994656937,3.571515897,1.264955853,1.644445475,260.5249374,0,1.245079588,0,37.53550662,28.35702884,0,0,1.488701671,0
0,8.962180132,11.95372258,90.5832538,0.98235342,0,17.53092319,4.522066028,2.76684013,0,4.981667759,0,6.540412507,0.680072548,1.394161981,2.293588907,237.8109352,0,0.98235342,1.14269607,46.68084203,13.711296,0,0,1.60805932,0
0,11.2510594,18.5066202,113.0108042,2.931835072,1.266827309,28.41785273,1.33495887,0.930355072,0.930355072,2.265356139,1.518141737,4.201233076,2.931835072,0,0.419529448,168.0023119,0,1.885866517,0,20.89322679,33.80353116,0,0,0,0
0,8.032606372,12.19093915,101.9731508,1.071449808,0,12.87133882,4.286508834,2.370732792,0,7.835915079,1.997219284,5.50313327,2.137801235,2.372822855,0.860140714,238.6256384,0,0.860140714,0.97136635,37.46881628,15.13954657,0,0,0,0
0,10.35369229,19.57798939,133.2985496,2.750561556,2.013936903,27.00231576,4.028546142,1.302646061,0,4.1100396,0.269631055,11.87604234,0,0.69049308,1.15693425,191.9736416,0,3.498626739,0,19.57732853,27.44549219,0,0,1.15693425,0
0,8.847679012,23.38636839,131.6273046,3.391624221,1.623962304,36.57518351,1.918761844,0.901827586,1.829814358,3.74460991,1.918761844,4.597572814,2.000439875,0,2.637015525,139.9197271,0,1.502601447,0,19.70116492,44.72199348,0,0,1.287490067,0
0,8.626330566,21.81105924,142.3527745,2.298070894,1.504119014,27.84766456,3.846840181,1.814273942,1.562959514,2.786734945,0,8.752243195,0,0.952050432,1.721183519,150.9692665,0,0.840824796,0,17.95433658,37.40464978,0,0,1.618529365,0.405506725
0,6.740495564,16.40177621,146.7685534,3.400575392,1.967519265,33.53776309,2.393838716,1.25286588,0,1.728289576,0,2.996997544,2.434859777,0.950585008,1.161894101,150.6756414,0,1.924034153,0,12.99036267,27.5034767,0,1.41320853,0.515266936,0
0,11.26031402,16.42518227,104.1429435,1.621096863,2.704783501,17.55288473,5.896606867,0.758873352,0,6.430218259,0,11.99492915,1.784726286,2.823301873,1.033310198,200.1315283,0,1.329312319,0,32.79466449,19.19666471,0,0,0,0
0,10.88947322,14.03838433,101.3331784,1.772848801,1.243589475,20.19319441,2.680886391,1.374209657,0,4.159903925,0.315602703,9.803823114,0,2.318906932,1.89722661,213.6059278,0,1.452681273,0,36.65757699,22.82708758,0,0,0,0
0,4.998280256,13.36475676,77.76019281,1.546787968,1.122630727,12.54066262,7.540826872,1.263212678,0,4.024027429,2.1427714,20.12932968,0.648846375,2.699703185,1.733010822,229.8933079,0,1.122630727,0.096777793,48.72203262,14.67498778,0,0,0.763256726,0
0,10.36498658,21.50358107,116.3679555,2.756080926,1.285594473,18.1192269,1.682009746,0.810170777,0.382726762,1.849063831,0,7.537632061,1.108663765,1.935524776,1.849140162,163.3239248,0,2.018481982,0.893552385,37.11577841,31.32047685,0,1.041972391,2.406390103,0
0,7.447252307,15.1713232,106.0112907,0,1.091169585,8.52906723,4.125866947,0,0,4.509892515,1.091169585,9.993545984,0,2.144551383,1.807050659,239.4851937,0,1.556478071,0,33.82644139,34.29395585,0,0.322036497,2.710316312,0
3.651095995,8.605136432,17.19471194,124.0698038,2.192889052,0.347062362,23.73031499,1.464461543,0.095747934,1.646345346,1.583824989,0,5.574061017,0,1.705185846,0,153.398262,0,2.731006651,0,13.11097541,37.25299969,0,1.705185846,0,0
0,3.368970026,8.641665244,57.84976592,0,0.096848919,5.035350054,6.394207736,2.630545733,0,5.988539045,0.822785923,15.13046851,1.499672583,3.142338505,1.149998834,323.4136232,0,0.607674543,0,45.16781087,19.87603381,0,0,1.320624351,0
0.043489305,2.755748836,12.47497465,71.50200241,1.342772289,0.890787165,7.606781686,4.416600221,0,0,5.062485546,0.831946665,15.51534437,0.470933319,0.871387381,0.470933319,264.1375948,0,0.890787165,0,41.08146881,27.22370769,0,0.279878083,0.043489305,0
0,10.41454104,16.81385913,104.3904824,1.713390706,1.166847,10.25227438,8.469834157,2.647073181,0,6.033146381,2.343168273,20.89059867,0,1.640631352,1.602165071,221.5508691,0,2.333694,0,49.30380702,29.25685309,0,0,0,0
0,13.57911193,22.55790246,147.0213312,1.508398188,2.720605156,20.99826557,4.218440892,0.966073898,0,3.627396364,2.438545955,12.51573614,0,2.938979685,1.243705634,175.8719323,0,1.754531258,0,42.32598145,22.05603527,0,0,2.381927061,0
1.439102026,10.37399822,15.6294707,134.7170381,2.0181359,1.608966246,13.94579762,6.563817724,1.901725548,0,5.506354643,1.76995627,20.58553858,0,1.215061961,2.71484799,185.657499,0,1.681663663,1.062624455,46.85693284,24.27553688,0,0,3.545451625,0
0,9.888477808,11.40286106,96.53552612,0,0.640154946,8.53555268,6.839050671,2.85738019,0,2.319797117,0,18.72513854,0,4.330326849,5.771357689,198.9451804,0,2.586065095,1.075473017,29.36251195,39.17214452,0,0.43948425,4.092893821,0
0,8.010778693,12.45928354,85.42668787,0.098439638,0.198523097,8.028416238,6.727047153,2.486719452,0,4.695302945,0.521296489,15.64699978,0,1.987650783,2.549441008,264.8074875,0,1.197051927,0.521296489,44.36796966,3.888179621,0,0.198523097,0.372876484,0
0,8.456034999,13.5900391,76.23521287,1.996058832,0.129398054,15.8448585,4.39981219,2.597497586,0,4.982829047,2.724652761,15.00626023,0,1.353173486,0.976695915,273.1150101,0,1.996058832,0,46.13036335,16.71132563,0,0.465870291,0,0
0,13.25331642,24.12466686,145.1187057,2.299028998,3.117511096,24.6969479,3.29927879,1.869466338,0,2.688493765,0,4.647551322,0,1.291388487,3.162973471,137.9081869,0,2.867145435,1.200416709,22.31788335,36.53549226,0,0.863944473,4.537291641,0
0,10.42265598,17.6092643,127.6285134,2.741367639,0,21.86722039,2.476086504,1.540625856,0,3.36932884,0,6.243504862,0,1.402475517,2.921361386,170.9618907,0,1.325514476,0.671588009,20.71580821,37.71160111,0,1.770200297,2.902429197,0
0,8.865582567,18.39078953,112.3279176,2.317025144,1.514295979,17.63604474,6.758011368,2.730212298,0,2.560779202,1.012560801,10.09528556,1.012560801,2.495635306,1.941739994,216.4080635,0,1.464545925,1.691319244,30.7245632,30.45699511,0,0,2.05233259,0
0,8.484616673,13.81945957,92.94671974,1.302742735,0.885007535,9.330312845,6.128568769,2.809526494,0,4.821956518,0.154120026,12.71420404,0,3.308989305,3.492438673,268.5246121,0,1.023157873,1.023157873,37.68205901,24.46438547,0,0,2.334102797,0
0,7.840260381,12.51978234,89.72365813,1.211805716,0.960491288,12.61478046,4.556476714,1.37543514,0,5.322588038,0.839130431,11.20194934,0,0.81417352,2.919511406,252.3014732,0,0.349582206,0.960491288,38.2025697,29.37809606,0,0,2.614629379,0
0,9.92624054,17.0565047,112.468261,0,1.110513703,11.86555367,4.119587009,2.716763346,0,6.639939059,0.444031216,10.77355443,0,2.688063089,1.88476844,214.4097593,0,0.664053455,1.324389939,26.73350883,38.34576999,0,0,2.957506064,0
0,9.497949287,19.86080995,184.6543375,3.807628518,4.165744212,28.7613197,3.02824666,1.708042411,0,1.753504785,0,5.532393198,0.891281274,1.796989897,3.121347088,118.7888826,0,4.956104832,0.344737568,15.13734452,35.52705037,0,1.380829499,6.678187966,0
0,10.30117107,15.92753494,137.2448371,2.974279525,3.025714254,14.86772974,4.761232215,2.375511281,2.556797105,5.203547642,1.055307031,13.53198714,0,0.944740989,3.604848088,195.7351584,0,2.840138545,1.868817894,31.53537916,22.34149955,0,0.12732026,3.658857673,0
0,9.799032783,12.68543287,111.174397,1.556246951,1.627705915,12.0136463,3.62170225,1.871327997,0.206320234,1.923971731,0.968460286,21.62718519,0,0.968460286,2.784218432,173.1100302,0,1.395904301,0,25.81403373,18.83965345,0,0,3.563714993,0
0,12.25194858,21.0035617,149.2297368,2.050347197,3.247684272,17.66544651,2.449503136,1.024494262,3.974458118,3.450693311,1.298931108,11.99428132,1.215549499,1.124577721,3.288606512,141.0022321,0,0.913268627,0,24.02108038,27.72429411,0,0.788105484,6.6837713,0
0,8.923365145,11.1024497,86.82526063,1.419085475,0,12.91498507,7.519685821,3.352763056,0,5.996932435,0.402151217,25.13876252,3.141091905,5.159883053,4.149887124,253.0167297,0,1.179855786,0.787813698,36.23765172,11.80711438,0,0,3.082722458,0
0,9.337554729,17.05207616,139.9278169,1.867711366,0.823907314,11.98433256,4.603541131,1.779418759,0,4.555371211,0.438244833,19.52462678,0.002926762,3.062703498,1.612364674,182.5739955,0,1.974479342,0.438244833,34.45277481,35.00299754,0,0,3.696178214,0
0,7.494734397,11.66679156,86.28251361,1.157039878,0,13.62831819,8.388538825,0,0,7.353729005,2.23391218,11.0993828,0,1.521451378,3.600030479,240.0159636,0,1.454918533,0.431102875,44.77690732,24.76815391,0,0,2.876344268,0
0,4.921415904,11.710205,87.18038521,1.607527671,0,9.884885016,4.801480087,2.982216486,0,4.955708357,1.695820278,21.71092408,0,3.127584236,2.009108203,288.5987162,0,0,0,47.88052396,14.88369002,0,0,1.146712468,0
0,9.329226296,20.83613998,100.095001,1.843392632,1.592078204,22.3095418,4.234264206,1.700291788,0,3.178393699,1.968555775,14.07496686,2.354218256,0.86925083,2.236775089,197.5085517,0,2.07978141,0,33.69327278,15.1103281,0,0,1.533237704,0
0,8.725427496,14.66753246,96.68204316,1.040419912,0.050021208,8.202126401,4.709825256,2.901172253,0,8.039359385,0.919059055,14.55488931,0,2.447400559,1.633276397,245.5316822,0,0.919059055,1.595945715,39.5270403,17.35796504,0,0,3.256512974,0
0,7.00970556,10.6986123,114.8847093,1.616801794,1.023027087,11.97416879,7.177439205,1.755914596,0,5.450533236,0,19.33661593,0,3.141740345,2.386899595,250.7471453,0,1.855075825,1.023027087,30.95023571,6.202599309,0,0,2.007229024,0
0,11.51241912,16.42417612,128.8881363,1.885518935,1.302913629,18.99825706,5.122450212,1.391861115,0,5.23942274,2.05257302,16.6322345,0,2.638808971,2.445437578,180.1153571,3.402499737,1.980121359,0.677207729,35.86253481,25.89929509,0,0.909009344,4.570868692,0
0,13.17040088,21.19246809,126.9782356,2.053012678,2.56815585,35.09345243,3.672293014,0.834855239,0,5.00409919,0,7.254088947,0.73477178,2.756383924,1.760624715,163.9974324,0,2.080452643,1.722158434,32.47410954,31.48332262,0,1.453894447,2.540064115,0
0,9.379321812,14.38226277,97.85702786,1.683273319,0.866017647,15.13189096,4.540144325,2.843703039,0,5.928973031,0,13.36524336,0.305637021,2.967521375,1.760882315,226.7835634,1.858322117,0,0.234178057,38.32922537,15.1667008,0,0,3.128068723,0
0,11.49952106,18.42955982,113.4282148,1.415500824,1.851934511,13.59038679,5.24394608,2.100679835,0,6.564644184,0,16.03625454,0,2.944111247,1.475226962,213.4971815,2.633658264,1.446753368,1.666815253,40.68453906,10.71685371,0,0.316888536,2.87920375,0
0,9.101078645,15.56644562,106.4089575,1.479444832,1.35930052,11.77223164,4.767884348,1.172714565,0,5.130878584,1.586690363,15.19715844,0,1.769407306,2.063210955,230.1291343,0.453591898,1.792529724,2.21868312,43.39490343,11.03300078,0,0,1.462437094,0
0,8.982646479,15.22086087,123.3879263,2.358741544,1.215177867,16.49352865,1.818173951,0,0,5.690812345,1.855215222,5.053496854,0,2.007498883,1.739702335,177.8311748,2.916786239,1.215177867,0,23.34989396,32.45924754,0,0,4.498887805,0.983376253
0,12.24795661,17.57846467,149.0187873,2.710483382,2.643031023,23.44785562,1.50609069,0,0,3.017213649,0,7.527082766,0,0,1.611871093,159.0337938,0,2.502186339,0,23.06780279,28.58587828,0,0.892748426,1.244146313,0
0,13.70813259,16.60367349,114.3931389,1.772842092,1.106363159,24.03710975,2.184634583,0.869974381,0,0.995137524,0,7.779794041,0,0,2.49971563,153.7780963,0,1.457761046,2.627832298,16.75109719,35.47449362,0,1.52922001,6.81737005,0
0,9.013182096,17.46563201,142.8026832,3.201020617,1.069393322,28.64238541,3.819120378,0.969309863,0,2.258977389,1.875018486,1.243746709,0.222095461,0,3.667992866,156.0997926,0,3.00914028,2.16800561,21.79120058,37.73557605,0,2.490779003,3.042150721,0
0,13.11928622,20.63667258,166.2712103,2.511944883,1.490293635,20.30120068,2.164748683,0,0,1.955656885,1.138895748,3.72275159,2.164748683,1.238979207,1.955656885,114.5553793,0,4.016944665,1.690964331,16.47307882,36.36199036,0,0.391681346,4.677196583,0.140366918
0,12.40735795,19.73044944,148.1479951,3.402354069,0.952363684,24.79431747,2.050975973,0.684099698,0,1.832722407,1.832722407,3.227635946,0,1.414987206,1.730068253,146.5554412,0,1.782711986,1.674498402,12.19671402,44.05812002,0,0.065060489,4.132865496,0
0,18.90035128,19.45497064,139.0316168,2.715801135,3.91004939,26.39385199,1.846763288,0.891251843,0.748150999,1.617188846,0,14.07828864,0,1.271678062,2.678138093,99.10666493,0,3.226626759,0,15.88957545,30.07666377,0,0,5.163195972,2.577650797
0,11.73433056,17.71239126,108.5168326,1.28619645,1.992082656,13.72524918,4.430619541,1.966440226,0,6.735059497,0,13.49410783,0,1.056622008,1.429297294,196.9131041,0,1.554460437,0,40.95393257,12.86708021,0,0,4.167527827,0
0,20.1485705,20.89595778,137.7618309,1.668142266,5.332632846,28.0207763,1.529991928,0,0.632050335,0,0,11.41652396,1.369649278,0,1.668142266,100.1173507,0,4.939040441,0,15.16487526,28.01607619,0,0,6.913104007,1.369649278
0,18.83707785,19.31077173,154.5192145,1.488687396,3.551690212,20.5140663,0.918142538,0.550417758,1.297632159,2.15985567,0,6.248781162,1.72048901,0,0,83.19670655,0,6.190183098,1.649030046,20.41462108,42.71459161,0,0,5.706275101,0
0,12.28852665,22.19285685,129.7132212,2.874651821,3.952465134,32.7822914,1.626227254,0,0,2.272854419,0,5.487250686,1.265213909,0,1.497015523,158.5192268,0,0.962933037,0,18.74753625,39.9670292,0,1.936382183,2.137052878,0
0,20.14540839,21.95827563,141.4678055,1.405952946,4.837994407,28.85324832,2.188939721,1.47741191,0.307340658,1.544103285,0,4.564038418,2.479563933,1.47741191,3.460881855,129.4587323,0,0.818166282,0.818166282,24.52987454,26.99324373,0,0,2.001936379,0
0,13.58830518,18.31783059,102.6478381,1.392860223,2.753555168,27.76253442,1.814842762,0,0,5.156520655,0,10.18828702,2.245972054,1.413898118,0.93502713,213.9028099,0,1.844845347,0.636534141,32.93331911,35.73342435,0,0,6.234828342,0.065989283
0.90333628,19.88945571,25.41961908,154.0101977,2.914310023,4.494214003,25.22039945,0.735365723,0.468018209,1.504110141,2.304229441,0,5.65371909,2.413928358,1.114645374,3.22111377,120.6589756,0,2.077456122,0,28.21637787,38.70903541,0,0,3.484318723,0
3.30974702,19.843032,24.07813867,156.5970978,2.226060381,6.525805022,25.79128237,2.31121819,0.616622469,0,0.984347249,0,5.160430445,0,0.984347249,4.135209052,97.54104266,0,5.45111732,0,17.58612044,28.41430338,0,0,9.477025043,0
0,13.22762263,21.19908844,139.8292817,1.949456231,3.615337172,18.65212152,0,0.540689014,1.639301303,0,0,7.675987603,2.653653248,0,0,154.8169358,0,2.03461404,0,18.03189981,16.86284538,0,0,2.253667606,0
0,17.34261721,19.87504869,155.4867634,2.811319858,2.367827354,21.48965119,2.717501102,1.551066217,0,2.217545151,0,4.89803842,0,0,2.444363093,89.72631682,0,1.004522511,0,19.88043078,37.53438506,0,0.552537387,4.22085509,0
2.617492556,19.65559203,23.45205976,127.534478,1.640982964,2.78454664,20.92654337,1.677272983,0,0,0,1.707674338,8.018955368,1.987259201,1.569524,1.40918135,143.213941,0,1.945536969,0,30.15739172,34.77336674,0,0,4.259370775,0
0,16.97332375,19.91435602,121.262976,1.861841024,2.489236827,24.43957509,1.932045283,1.150344705,0,2.633631332,0,16.01880117,1.073383664,0.419457196,1.288495043,179.8216369,0,1.221803669,0,52.25335744,27.2976957,0,0,6.510282724,0
0,17.6949323,19.90738966,145.1012063,2.159627586,3.124018112,28.51611746,1.589082727,0.758734425,0.86996006,2.920065589,0.122745658,5.201476297,2.159627586,0,2.483043939,150.1178226,0,0.323416354,0,24.6207877,32.35206047,0,0.633571282,4.475171823,0
0,14.88818664,23.07115053,169.7502793,0.977024319,3.489329943,36.25247793,2.375678682,0,1.102187462,1.313496555,0,6.800688789,0,0.66686939,3.246032319,90.24993423,0,4.862769534,0.466198695,16.38588004,42.29176963,0,0,12.69026844,0
0,13.00253633,22.87725935,169.7800558,2.920967741,2.193531487,22.45163786,0.629555949,1.140381573,0.629555949,2.575466098,0,6.232402007,0,0.378241521,4.167832794,101.0732438,0,4.710852796,0,16.21135768,37.1361718,0,1.987679433,3.366805305,0.378241521
0,4.755298033,8.024940606,33.32177445,1.539217539,0,12.99897819,6.648069187,1.805485517,0,7.944827817,2.813538228,17.50156816,0,1.978673033,0.828975925,319.467931,0,0,0,47.82855568,11.59707024,0,0,1.125241741,0
3.621877855,14.94314192,13.075716,81.51449073,1.647230096,0.974285623,19.53233167,6.077014102,3.264798134,0,4.708581185,0,10.05165757,1.832947242,1.120291391,1.051246664,215.0006213,2.920195772,3.157173318,0,30.37863103,20.90175348,0,0.890904014,4.911036249,0
0,9.175857261,11.6525552,100.0296835,2.069490572,0.3898484,19.98660323,4.029824048,2.36140098,0.936392107,4.545881589,1.798615617,10.31187936,0,2.324265559,2.440675911,209.460092,0,1.92377876,0,30.05480933,11.99044188,0,0,2.282412569,0
0,10.94730972,11.91968306,74.45254413,1.216586978,0.428129617,22.83144676,4.376381856,2.145781114,0,6.420126783,1.792762482,16.24913948,0,1.265797668,0.893122383,249.7136188,0,0.679444045,0,39.69025884,8.67080616,0,0,0.98365542,0
0,16.02263616,16.52911402,128.8810556,2.517185564,2.063330723,30.04370389,1.991517367,0,0,3.975838786,0,11.46323769,1.461823259,0.026738734,2.270262571,162.7427334,1.609147974,3.129252449,0,27.44238193,33.50324658,0,0,2.06571026,0
0,12.13181546,16.4184981,119.3683269,1.185758949,1.22924406,23.09479931,4.068102469,1.641776336,0,5.470274626,2.223283545,14.19326469,0.08714666,1.112562958,0,229.2597249,0,0.746392289,0,31.12689422,18.64607251,0,0,0,0
0,9.378604081,18.66556426,123.9300574,2.518413355,1.392021503,22.52321097,3.55051144,1.764070614,0,6.221270584,1.392021503,8.22542502,1.172392893,0.828164671,0.34821745,221.4089075,0,0,0,33.29630799,28.59812175,0,0.173864063,1.640201132,0
0,12.07710254,18.55449824,141.8531952,2.412565481,2.280297512,25.86627296,3.161641214,0.981014528,0,3.276902556,1.57699796,10.28141029,0.083072935,2.350431265,1.398749729,170.5601666,0,1.431812243,0,28.10296365,25.08491525,0,0,1.692510847,0
0,11.72873679,19.44435414,128.8625413,3.000116972,0.588332587,29.02899424,0.967822209,0.421278502,0,0,1.158877445,5.478214513,0,1.907552683,0,167.1766706,0,3.485738052,2.134257094,22.81122789,37.25998933,0,0.220607807,2.696212064,0
0,11.60023267,19.23969633,141.4637953,3.068202448,2.663818395,31.97418612,1.37115093,1.394961579,0.087804538,0.507658384,0,6.184884072,0.922602236,0.84413062,2.448455767,179.1872427,0,3.285294334,0,22.19075991,31.1225229,0,0.319606152,2.863106966,0.248147188
0,12.42116322,21.97860028,144.9568219,2.977500727,2.145354672,32.12582664,1.908965894,1.81587547,2.677014382,2.717423921,0,4.749533022,0,0,0.935516748,148.2730121,0,0.667252761,0,21.7451472,30.99773533,0,1.046742383,0,0
0,10.65215464,21.50854897,156.1416201,2.931916814,4.226652777,33.71211195,1.596915747,0.986006665,1.755139753,3.261923511,1.408863516,2.357897393,0,1.705129332,0,143.1181441,0,2.048900871,1.177061902,16.80377633,16.21333287,0,1.47555489,0.749617887,0
0,10.72595591,18.12448523,131.185562,1.521169576,2.519698406,14.01211462,4.83695169,0,0.910260493,3.034725716,1.333117344,9.976796858,0.163046092,2.343461296,1.576739427,174.6690817,0,1.715468211,0,32.84735361,27.69959836,0,0,2.873799734,0
5.220580659,17.4558906,21.47135687,145.7267287,2.882063557,4.905840862,30.03756656,1.381505418,1.733440848,0,3.306024377,0,11.83385234,3.199777917,1.904949506,2.51137025,124.9426871,0,2.81481133,0,15.88109475,22.09318635,0,0,3.964282036,2.360338643
0,10.92395161,18.57397099,107.5578377,0,1.408704841,20.90419129,4.997967208,3.018142754,0.109421857,3.292094633,1.27949311,11.68176638,0.109421857,0.78723919,1.408704841,183.757282,0,0,1.208034146,41.0226037,29.2749893,0,0.856636259,1.882489193,0.477146637
0,10.4628181,19.12485072,136.6254674,2.695083155,2.965191914,31.22107436,4.097517045,1.515030534,1.357844951,3.53358739,1.439522982,12.67828682,0,1.40839456,0.89313048,184.198165,0,1.550748617,0.874993179,36.30501287,17.82976125,0,0,1.89165931,0.452136328
0,13.56072791,26.68343227,171.1459297,2.536821785,5.653401163,34.55514827,2.748130878,1.985990826,0,1.528157733,0,4.885352674,1.705088441,0.927383872,1.313046353,105.3875598,0,3.258956502,0,11.89342824,29.50403944,0,0,4.897641105,0.492065801
0,15.59827887,12.91660135,116.9619998,1.975889499,1.464677329,24.16143281,2.921923426,0.576523057,0,3.141472414,1.393284193,12.79082959,0,0,1.295645724,192.3813814,0,2.444238029,0,23.76698038,32.61095016,0,0,2.556505331,0
0,14.08277888,15.0254951,96.04724104,0.674382026,0.531281182,16.25816055,7.659947412,0,0,0,2.360780979,10.34952418,2.620292175,2.942072582,2.095978453,230.400815,0,0,0,37.97803391,32.8965875,0,0,2.541042803,0
0,12.98264397,21.07635451,133.017315,1.820006219,1.224022787,21.27668006,0,0.8726249,0,2.394094039,1.539103833,6.619239181,0.761399265,0,2.865780774,167.8814445,0,3.434517314,1.641757987,23.74745169,35.85199927,0,0,4.221605199,0
0,8.002996985,14.87626823,87.05458107,1.360494889,0.21187218,16.48119039,5.735668903,0.865798648,0,5.873817093,2.089574079,10.17453854,0,2.995473832,2.200600424,254.0833234,0,1.881029327,0,41.92343348,19.68937582,0,0,0,0
0,15.79429378,15.94613821,119.4769916,1.114066593,1.357688675,22.56490041,4.47414535,0,2.037230204,5.152087159,2.235407132,9.415102072,0.144666035,1.187273664,1.302118824,184.880891,0,0.7912932,0,33.95448199,28.31685331,0,0,0.7912932,0
0,12.30772697,21.71005417,146.7665405,3.042558949,2.087047503,29.66801367,2.331500841,0.310555506,0,3.640930999,0.857099213,5.339230205,0,2.755815233,0.310555506,144.9447024,0,0.620710435,1.346647438,21.4807611,43.15021292,0,0.620710435,3.760907853,0
0,14.86961301,18.28065997,122.5540515,2.822671754,1.470745036,30.76667876,0.861317804,1.227122954,1.415175185,4.924278312,0,7.837762664,1.830119037,0,0,171.4795842,0,0,1.293814328,27.78386607,32.29425611,0,1.415175185,1.470745036,0
0,9.16558719,13.62399072,112.1890088,2.200662595,1.412971362,15.97781354,5.363908606,2.001661349,0,4.163790034,0,13.61040855,1.387850911,2.991167631,2.800667658,245.3558399,0,1.776221586,0.973875113,23.48389606,16.71027611,0,0,5.073997349,0
0,12.15383734,16.96173371,119.1957457,1.862923341,3.819175961,27.70644923,6.351833075,2.96153563,0,2.580363214,1.465621544,20.64898855,0,3.599792331,1.862923341,204.2288521,0,2.146498632,0,37.76858111,12.63071801,0,0,3.694848852,0
0,12.12712455,17.15062626,132.7334998,1.493181723,1.526344088,14.33784265,7.500939107,2.5483089,0,4.175790042,1.139541683,18.80235812,0,3.603600509,4.241129194,185.2818384,0,3.3377278,1.720571565,37.50100311,31.6571318,0,0,4.208859867,0
0,12.50617548,16.29020347,145.6768856,2.260683166,1.182479749,16.78890182,5.08361176,2.003460301,0,5.651571206,1.890664807,16.38300459,0,1.683679184,3.19238389,168.7080678,0,3.589382912,0.519185531,40.47875597,28.89179556,0,0,4.110841211,0
0,13.33379552,20.30715002,133.3371473,2.873838329,4.515388359,26.85169936,3.065480731,2.174960473,1.640877987,3.735626706,0,13.55559198,0,1.205559916,1.143039559,180.2316444,0,4.639879459,0.844546571,24.48188051,35.36949723,0,1.372614001,3.151470065,0
0,13.64286667,19.3275617,133.4730512,1.840469905,1.73225632,20.05356146,4.978428106,3.843334947,0,6.677362181,1.938108375,16.67426406,0,1.010121603,3.77857828,152.6218885,0,1.395784084,0,46.42548656,21.84807015,0,0.574803532,4.140487603,0
0,6.942538751,19.90145604,126.4462367,2.491825959,2.765996036,28.11880046,2.394344292,1.55533252,0,2.507699308,1.55533252,5.679185422,1.670845407,0.725187145,1.706563489,186.7505852,0,2.317472572,0.371562423,23.23887369,32.42342826,0,0.708034659,0,0
0,13.88589519,19.92993965,139.8997534,2.993103144,3.19196898,27.23021729,0.297248216,0.732566287,0.843791922,3.075502675,0.94387538,5.916496726,3.593085082,0,0,148.407413,0,4.044877445,0,19.67716495,33.11476936,0,1.562914589,3.162043132,0
0,15.90917636,12.71503154,95.08810465,1.927379983,0.703604552,14.6179899,3.999354504,1.376549025,0,4.615193466,1.747408604,13.59865519,0.852024557,1.627758828,0,211.0014333,0,2.01732822,1.198300793,27.63214812,17.38476481,0,0.620222943,3.975353351,0
0,7.174143901,11.83999372,118.2807724,2.919863588,0.739236902,16.96629499,3.710600585,1.862240644,0,3.401824729,1.335220334,9.61073182,1.706079913,0.387839015,1.386587113,221.3983072,0,1.054317949,0.877387241,31.57974762,31.28401325,0,0.662275861,0.008349394,0
0,16.06501765,23.42113277,120.4396402,2.241111216,5.002261445,31.84935732,2.934235326,0.668714575,3.015751431,2.445206572,1.704806507,14.41757678,0.46804388,1.957739007,1.489695127,94.58037723,0,3.969971799,1.934380948,32.53853524,37.08047707,0,0,2.504925807,0
0,11.4997369,14.73918891,105.6139795,1.952440524,1.563614734,21.2414985,3.803222213,0,0,5.451234887,0.167370042,8.098730698,1.211174095,0.315790048,0.382481422,222.3528951,0,1.543614068,0.445001779,27.04703286,18.13476065,0,0,0.755156707,0
0,9.532027308,11.05007598,114.6171582,1.754264535,0,17.58842614,4.485933917,0,0,6.589815711,0,10.25410596,1.707197024,2.233522924,1.26755511,251.222931,0,0.423850632,0,27.08749119,21.44832789,0,0,1.095018906,0
0,9.702706617,13.05085494,98.64891371,1.02615145,0.438364785,16.27413294,5.193012754,2.047802698,0,6.591441904,0,12.4111397,0.58678479,2.768837998,1.509948402,242.9065617,0,1.509948402,0,31.15502276,15.66642722,0,0,0.354983176,0
0,12.36689144,16.97741827,126.8207454,2.037233761,5.844517562,23.10902648,3.799057842,1.11607684,0,3.42926181,0,10.35321927,1.513378637,2.214685984,0.836491978,197.3901281,0,4.146992028,0.899012335,40.04973159,18.1186414,0,0,5.045028907,0
0,10.56983498,9.952210841,103.5297203,1.940455977,0.172794059,18.00001789,5.247531579,2.868064533,0,2.551842102,0,11.05197892,0.424108487,2.377131954,2.232795186,250.8141279,0,0,0.424108487,34.10469428,23.66087414,0,0,2.906342398,0
0,10.82025055,13.11965698,96.78062624,1.507931234,1.06443873,22.81702598,4.842321418,0.799746176,0,5.979435193,0,13.45627973,2.279972357,1.675500656,1.016810681,225.7832186,0,1.565875741,1.273530528,24.5852458,19.83970233,0,0.011288816,7.139040316,0
0,11.10455975,16.46006679,130.7203241,2.368369749,0.598589187,26.61771163,3.883445411,0.507617408,0,4.25669793,0,8.777412366,0.681970796,0.324352643,2.392989416,187.0042922,0,1.26975746,0.507617408,31.70398871,35.90481953,0,0,4.823508505,0
0,14.09527988,16.93416796,118.9894181,2.775154455,2.509681317,23.30074644,2.54393124,0,1.063062389,2.745449301,1.302292078,10.18915666,1.595279203,1.31610722,0.396583455,181.8430346,0,2.026855455,0.017093834,23.02930243,25.54396025,0,0.948652038,5.38509187,0
0,8.438164444,13.41916982,73.08470752,1.978847008,0.269325637,17.23272885,6.159603997,1.87876355,0,5.56702308,1.857486151,13.41066224,2.259360591,3.398852582,0.620723524,264.9510687,0,0,0,37.81205029,23.01313177,0,0,3.563996137,0
0,11.84841741,19.12721409,166.3163837,0,1.740765954,35.86609193,2.808551218,1.186455218,1.740765954,1.740765954,0.93514079,5.646118473,2.485738202,0.598668553,0,130.8710592,0,2.505738869,0,16.22970197,41.96826942,0,1.109494177,3.584671761,0
0,12.05346678,15.58826604,109.4458221,2.555043891,2.85277157,29.98919985,7.135716206,2.249997531,0,6.046755384,1.043899327,13.03103301,1.164043639,1.236802994,0.749099787,225.8839415,0,1.236802994,0.238274164,27.37206035,12.87562992,0,0,1.396912384,0
0,14.14759968,18.98141442,135.18853,2.603374168,1.778299445,39.67025575,3.546023774,1.059176778,0,2.348844303,0,9.586222819,2.974550203,0.822788,0,162.9168146,0,1.059176778,0.679687156,18.94747955,6.271715664,0,0.822788,0.311962376,0
0,8.506111195,12.96085661,108.6515698,2.211133002,1.067058339,20.51720768,9.348469771,2.568548412,0,2.862686285,1.900978073,17.25747182,0,2.485314236,0.802365785,249.1697198,0,0.250297202,1.416732087,22.82425235,7.694587211,0,0,2.401171012,0
0,15.99756443,19.30787434,138.912836,1.724908023,2.287693386,23.49542007,4.012038663,0.316140806,1.137121359,2.513365384,1.05373975,12.68331199,0,2.642213621,2.06138026,156.1982812,0,1.352232738,0,14.35555862,41.20928479,0,0,7.218666361,0
0,11.6544258,15.43256529,127.4740761,1.603604888,1.874479842,22.27258881,4.516143016,0.841464836,0,1.092779264,2.031048903,10.37933214,0,3.549848041,2.661204645,196.3756703,0,1.728768031,0,17.38555052,36.31795052,0,0.932436614,2.800888704,0
0,17.88810642,17.60602017,136.6157225,2.322776302,1.641325161,35.25478349,8.954954493,1.435473107,0,2.170584486,0,5.162190964,0,1.301513635,3.695121656,181.3525367,0,4.504578854,0,17.17934112,21.39767159,0,0,2.191581172,0
0,10.09128604,13.43172486,136.3937903,0.18163379,0.769420455,18.42615971,4.952252759,1.280246079,0.769420455,3.626989294,0,6.993906778,0,1.127183832,1.58965398,220.7820164,0,1.280246079,0,20.17374628,24.09212371,0,0,1.443875503,0
0,14.90621939,14.0239002,133.9757837,1.067137839,1.506504498,26.49757031,2.817835821,0,1.506504498,1.363403655,1.506504498,12.11284346,0,1.413414075,1.506504498,167.2084295,0,2.118682616,0.744364446,20.84151777,29.94947616,0,0.533055353,7.000592887,0
0,13.34597678,15.76093124,100.6335846,0.962672798,4.336673906,23.89318872,3.045757113,2.061285086,0,2.57211071,1.397990869,5.459993811,0,2.638943387,0,139.3729382,0,2.545655452,0.962672798,10.59518876,6.215893485,0,0,1.700271741,0
0,13.82696204,19.14762906,101.6396056,1.222937145,1.222937145,17.88933181,4.890733439,1.86956431,1.38999123,2.435959785,0,7.923672548,0,2.043917697,1.658255216,117.0765655,0,0,0,13.29568401,27.04513429,0,0,0,0
0,13.82959378,20.0623943,163.7081554,1.702083268,1.543859263,30.19342158,3.814182053,1.284348067,0,0.553460559,1.422498406,5.26294881,0.821724545,2.641267823,1.422498406,145.5381749,0,2.031562469,0,17.08245592,36.18015439,0,0,3.731075042,0
0,12.64014636,15.93712162,116.0007926,0.0301505,1.602547141,23.31649666,7.007817102,0,0,1.922714669,0,11.84961621,0,1.764297496,3.023697894,209.6147762,0,2.051095835,0,22.29871055,24.32575779,0,1.675306496,3.854768218,0
0,12.59364909,18.82509075,112.997666,1.133249868,1.293592518,19.55274049,5.17528937,1.133249868,0,3.340089904,1.968047566,13.88168826,0,1.994447866,1.133249868,209.589761,0,1.04227809,0.705805853,32.81793645,14.00282613,0,0,2.890181343,0
0,10.81806827,24.29513324,115.0113393,3.220604911,0,24.59798209,1.564283412,0.74330286,1.841915149,2.960528104,0,4.361710006,1.289846567,0,1.289846567,168.2153619,0,1.841915149,0,19.96674765,38.23898796,0,0,3.543904619,0
0,9.688624114,13.21942169,97.68121141,2.335958746,0,17.79421561,4.883951946,0.817492612,0,3.246518803,1.725049664,9.50183642,0.900874221,1.564505965,0.079893669,252.1275715,0,0.626437375,0,34.72262365,27.63720486,0,0.626437375,2.834220927,0
0,11.19793847,15.54607046,97.44627425,1.899243227,1.866982365,19.98033582,3.761530747,1.419670147,0,2.825012703,1.687934133,14.35250345,2.046567942,3.0572436,0,212.7452311,0,2.550122965,1.647928799,33.14097683,34.14615538,0,0.800630938,4.26479847,1.367026413
0,10.36793597,14.6014715,98.4978637,3.056525066,1.142875779,21.54098414,2.819360917,1.214334743,0,2.956004918,1.457956825,10.96695454,0,1.394521399,2.423901896,198.4680626,0,1.817330826,1.957912777,26.15876904,39.8271658,0,0,1.457956825,0.41198827
0,12.96186277,16.21476728,125.1304037,2.07349803,1.864406232,19.89697491,5.239896088,1.537193321,0.501101389,3.244869673,2.472653969,15.99905111,0,3.271881904,2.477400665,181.7186416,0,2.393665558,0,33.22216687,21.57379626,0,0,2.993555245,0
0,10.29883126,15.62746859,113.5422544,2.628801604,2.480449905,25.88000132,4.793087149,1.645925268,0,6.879471572,1.090399465,12.63549285,2.483811294,0.67054562,0,200.6525081,0,1.27466057,0.753927228,26.24387757,34.66158249,0,1.709438673,1.825510845,0
0,9.510053736,11.57439131,107.5141084,1.960525098,0.651462085,12.97727467,3.219825297,0,1.868857909,6.809987016,1.694504522,15.02966056,2.121948537,0,0,238.7367898,0,1.11194582,0,44.53597035,20.4064283,0,0.537051733,2.474266176,0
0,9.205039521,11.14317008,142.1113849,1.907138376,1.896833294,13.90158025,6.240136676,1.775802374,0.130646379,2.347871623,0,5.581259376,0,1.309046629,2.870997875,198.022827,1.229258667,2.731630992,0.56596445,20.30083638,33.92191311,0,0.777273544,6.294497885,0
0,9.596681923,14.88913101,96.57872167,2.526044624,1.41444514,19.39362471,6.840042553,2.588564981,0,3.410506466,1.625754233,6.806874248,2.077739357,0.047568864,0,199.7302358,0,1.716340483,0.527141945,38.42340611,23.1795263,0,0,6.081188238,0
0,11.07543367,16.2798267,116.668614,2.42992558,2.785033821,18.78545165,4.19117817,1.991916925,0.484015431,3.975524849,1.826249803,8.137485515,0.550706806,1.211652945,1.130133534,206.0304854,0,1.0085399,0.484015431,31.84792373,26.96582606,0,0.061158581,4.820452801,0
0,10.82339959,20.53663596,115.4069424,2.853500095,0.50530449,17.75747662,2.216094897,0.741693269,0.50530449,3.673196808,0,8.664573573,1.804587475,0.841776727,1.231241494,205.7295023,0,2.329853783,0.841776727,26.36477735,38.32219107,0,1.908128154,4.628469703,0
7.172388096,16.40091696,17.1102226,122.4402467,0,3.370236468,9.581778094,3.008121801,1.198013193,1.945227595,0,0,1.398683889,0,0,1.198013193,46.51843327,0,12.00152292,0,20.38204069,31.12098874,2.932614249,0,5.991965503,3.615909133
4.933544791,17.15258352,10.33622642,118.5948105,0,9.211546116,13.99035999,0,0,15.83300228,0,0,0,0,0,0,18.17199723,0,15.69225777,0,13.44866728,46.784904,4.532418085,1.287224951,9.112559021,7.053808327
2.726316487,16.72204625,20.80461016,85.36220092,0,11.41302588,10.43225856,0,0,16.32223001,0,0,0,0,0,1.368193003,14.24726101,0,14.47842159,0,19.39597111,43.21157484,5.84931054,1.879018627,10.25553596,10.71888665
7.174254387,15.21388651,18.74998056,155.1080329,0,7.730900939,25.59325165,0,0,1.770392311,0,0,2.044829157,0,0,0,38.29239654,0,11.91639002,0,20.17930686,39.31387735,2.259940537,0,6.940577219,3.731228111
5.416232497,13.42473898,10.69647997,128.4688054,1.32077744,3.788876972,14.43626757,6.254392871,3.078635358,0,0,0,2.90318668,0,1.908564105,1.010622512,131.4118461,0,4.612544714,0,33.30425729,21.22347664,3.207847089,0,5.794319184,0
5.772959435,15.66668837,11.77406283,142.1775583,1.828146607,7.829214208,13.72015628,0,0,1.828146607,0,0,2.826675437,0,2.150919999,1.616837513,64.41817794,0,5.915075684,0,21.7235398,43.63232112,2.497196236,2.394542082,6.988569334,0
7.396331213,20.85177347,18.5745509,142.0569271,1.782092965,7.228910197,27.82927917,3.391530877,1.211548106,3.20047564,0,0,2.453261238,0,1.591037728,1.691121186,57.54588995,6.146022039,5.443665409,0,25.51152271,33.52378795,2.990404171,0,6.98538272,2.080585953
6.587425053,15.65204505,7.910877689,89.11103846,0,12.55362344,6.689186677,0,0,13.33412176,0,0,0,0,0,0,8.991495124,8.117788655,11.36692326,0,6.244240998,48.3716371,5.550857977,2.750256219,11.05181562,8.397139461
7.082677338,16.02765693,11.13320604,133.5920465,0,13.29418942,11.03869653,0,0,13.07523257,0,0,0,0,0,0,7.462814638,7.994516512,17.57343679,0,11.91948442,51.8554809,5.252985034,1.845922533,14.28753169,8.996182338
4.583227232,16.57005217,8.208879912,80.23587447,0,12.29316531,9.275991592,0,0,12.02799164,0,0,0,0,0,0.929974955,8.927065134,7.503934413,10.8144944,0,9.996201262,39.51203467,3.93565756,0,7.763653031,8.631152093
6.729128196,16.2397603,11.93364452,87.64345591,0,11.78360861,6.876035945,0,0,14.24887334,0,0,0,0,0,2.369371515,3.857448571,7.903137369,6.817609379,0,0,41.75544681,5.919262537,0,8.324591868,8.627504372
8.262704738,13.10853299,25.99047851,135.7340274,3.13186909,9.229837588,28.27665875,3.585652776,0,0,3.465508464,0,8.647408206,0,0,0,103.1243183,0,2.18031022,0,20.41964659,14.66731446,0,0,7.191458203,0
7.92386039,13.19187694,24.45470757,126.3597164,3.484179432,9.023705869,46.55511984,1.41310614,0,0,4.130005957,0,7.815244823,0,0,0,76.88896715,0,2.315973852,0,19.92316356,12.30318731,0,1.41310614,5.664454451,0
8.041685662,13.43586088,23.82862632,124.7549503,2.359325995,9.121190379,30.20202211,0,0,0,10.364023,0,6.361130128,0,0,0,141.7576548,0,1.433556519,0,23.86991826,10.5298576,0,0,6.319599935,0
7.815493657,14.29974173,21.11906697,149.3420519,2.67157554,9.434665129,27.00671165,2.997972124,0,0,4.259736054,0,9.766857069,0,0,0,82.44415727,0,3.970858524,0,26.00347923,18.11389952,0,1.572963251,5.82221009,0
7.737092449,14.57292778,24.3053749,141.0588722,1.658904265,10.12187738,28.48849054,0,0,0,7.896019932,0,12.25743223,0,0,0,82.71605602,0,5.38096167,0,26.2503839,13.48184016,0,0,7.193046341,0
8.130133726,14.92099283,25.06819029,156.1967336,2.683457065,8.767549295,30.21048672,0,0,0,2.909413558,0,7.898818807,0,0,0,99.3342196,0,5.758194603,0,19.48865097,18.7568716,0,1.639653013,12.5999412,0
0,16.70778311,26.41241299,127.8797304,2.91093039,12.45018335,28.04968988,0,0,0,0,0,2.023627195,0,0,0,45.03897124,0,4.504557696,0,17.03433127,4.810987234,0,0,13.7539012,0
0,19.90844122,20.66665154,113.3982554,0,10.17551669,13.96601745,0,0,0,3.80073138,0,18.47711716,0,0,0,98.18644601,0,1.901613392,0,33.53042323,9.504824416,0,1.515950911,6.832050411,0
1.752665341,20.7321797,22.73439035,110.1596062,1.116676575,10.49206662,20.14313458,0,0,0,3.062586724,0,9.590305569,0,0,0,67.61328306,0,3.962877114,0,15.73154206,11.19211398,0,0,11.26856529,3.124144617
0,19.39916315,23.32018019,128.6311535,0,11.73434004,26.69896376,0,0,0,3.758588196,0,4.279392442,0,0,0,96.75820275,0,4.408895218,0,15.32330255,8.921956514,0,0,4.776619998,0
0,16.1069068,21.87986145,121.0730477,3.078641105,8.32235678,22.47531014,0,0,0,4.610414432,0,13.27355284,0,0,0,123.9123259,0,7.122886256,0,17.81077904,14.65697448,0,0,2.85824104,0
10.04707168,0,0,0,0,0,0,10.2391111,5.934487002,13.69484948,0,0,0,4.906799953,0,0,0,0,9.157535965,0,0,31.48951603,0,0,0,0
9.917212026,0,0,0,0,0,0,9.944950022,6.28554358,7.350586283,0,0,0,5.197875313,0,0,12.23528826,0,7.642547952,0,0,32.19400803,0,0,0,0
9.870381502,0,0,0,0,0,0,10.55506291,6.008445798,14.00278232,0,0,0,3.035382325,0,0,0,0,9.418852206,0,0,36.66566339,0,0,0,0
9.896930411,0,0,0,0,0,0,10.3228743,5.297516835,13.368076,0,0,0,1.870723906,0,0,0,0,12.31262945,0,0,37.23699514,0,0,0,0
9.240581752,0,0,0,0,0,0,9.697830659,5.186932674,13.13314136,0,0,0,3.341105984,0,0,0,0,8.635421419,0,0,25.35490361,0,0,0,0
9.485154086,0,0,0,0,0,0,9.706672647,5.176705333,13.36697068,0,0,0,2.628082869,0,0,7.501671828,0,5.356967157,0,0,34.84708261,0,0,0,0
9.530579287,0,0,0,0,0,0,10.10347075,5.247560838,13.39406101,0,0,0,4.847960849,0,0,0,0,5.452500483,0,0,30.61239987,0,0,0,0
9.394086188,0,0,0,0,0,0,13.93952093,5.104856079,7.394351389,0,0,0,6.600427044,0,0,0,0,7.172323017,0,0,34.89204085,0,0,0,0
9.761271379,0,0,0,0,7.711426152,0,10.43598009,5.061663124,13.32673392,0,0,0,2.505804739,0,0,0,0,9.622954332,0,0,35.32970271,0,0,0,0
9.999276299,0,0,0,0,8.380043409,0,13.67263508,4.765153954,14.15822358,0,0,0,5.485534285,0,0,3.167911315,0,5.957401848,0,0,25.96144824,0,0,0,0
9.904786931,0,0,0,0,6.948154815,0,14.17221891,5.028683747,13.34829017,0,0,0,3.682663285,0,0,0,0,9.425383219,0,0,34.45997571,0,0,0,0
9.816502681,0,0,0,0,0,0,13.06927292,4.593816305,13.64417717,0,0,0,2.70386481,0,0,0,0,8.197042785,0,0,30.82585248,0,0,0,0